,company,industry,sector,year,url,filename
0,Brookfield Property Partners LP,Real Estate Development,Financial,2019.0,https://www.brookfield.com/sites/default/files/2020-09/Brookfield%20ESG%20Report%202019_0.pdf,BrookfieldPropertyPartnersLP-2019.pdf
1,PrairieSky Royalty Ltd,Real Estate Development,Financial,2017.0,https://www.prairiesky.com/wp-content/uploads/1.1-PrairieSky-Royalty-Ltd.-Responsibility-Report-2017.pdf,PrairieSkyRoyaltyLtd-2017.pdf
2,PrairieSky Royalty Ltd,Real Estate Development,Financial,2018.0,https://www.prairiesky.com/wp-content/uploads/1.2-PrairieSky_Royalty_Responsibility_Report_2018.pdf,PrairieSkyRoyaltyLtd-2018.pdf
3,PrairieSky Royalty Ltd,Real Estate Development,Financial,2019.0,https://www.prairiesky.com/wp-content/uploads/PrairieSky-Royalty-2019-Responsibility-Report_WEB.pdf,PrairieSkyRoyaltyLtd-2019.pdf
4,Summit Hotel Properties Inc.,Real Estate Development,Financial,2018.0,https://www.responsibilityreports.com/HostedData/ResponsibilityReports/PDF/NYSE_INN_2018.pdf,SummitHotelPropertiesInc.-2018.pdf
5,The RMR Group ,Real Estate Development,Financial,2019.0,https://s21.q4cdn.com/317921054/files/doc_downloads/2020/10/RMR-2019-SUSTAINABILITY-REPORT-DIGITAL.pdf,TheRMRGroup-2019.pdf
6,Armada Hoffler Properties Inc,REIT - Diversified,Financial,2019.0,https://www.responsibilityreports.com/HostedData/ResponsibilityReports/PDF/NYSE_AHH_2019.pdf,ArmadaHofflerPropertiesInc-2019.pdf
7,Charter Hall Group,REIT - Diversified,Financial,2018.0,https://www.responsibilityreports.com/HostedData/ResponsibilityReportArchive/C/ASX_CHC_2018.pdf,CharterHallGroup-2018.pdf
8,Charter Hall Group,REIT - Diversified,Financial,2019.0,https://www.responsibilityreports.com/HostedData/ResponsibilityReports/PDF/ASX_CHC_2019.pdf,CharterHallGroup-2019.pdf
9,Derwent London plc,REIT - Diversified,Financial,2014.0,https://www.responsibilityreports.com/HostedData/ResponsibilityReportArchive/d/LSE_DLN_2014.pdf,DerwentLondonplc-2014.pdf
10,Derwent London plc,REIT - Diversified,Financial,2015.0,https://www.responsibilityreports.com/HostedData/ResponsibilityReportArchive/d/LSE_DLN_2015.pdf,DerwentLondonplc-2015.pdf
11,Derwent London plc,REIT - Diversified,Financial,2016.0,https://www.responsibilityreports.com/HostedData/ResponsibilityReportArchive/d/LSE_DLN_2016.pdf,DerwentLondonplc-2016.pdf
12,Derwent London plc,REIT - Diversified,Financial,2017.0,https://www.responsibilityreports.com/HostedData/ResponsibilityReportArchive/d/LSE_DLN_2017.pdf,DerwentLondonplc-2017.pdf
13,Derwent London plc,REIT - Diversified,Financial,2018.0,https://www.responsibilityreports.com/HostedData/ResponsibilityReportArchive/d/LSE_DLN_2018.pdf,DerwentLondonplc-2018.pdf
14,Derwent London plc,REIT - Diversified,Financial,2019.0,https://www.responsibilityreports.com/HostedData/ResponsibilityReports/PDF/LSE_DLN_2019.pdf,DerwentLondonplc-2019.pdf
15,Douglas Emmett Inc.,REIT - Diversified,Financial,2019.0,https://www.responsibilityreports.com/HostedData/ResponsibilityReports/PDF/NYSE_DEI_2019.pdf,DouglasEmmettInc.-2019.pdf
16,Duke Realty Corporation,REIT - Diversified,Financial,2015.0,https://www.responsibilityreports.com/HostedData/ResponsibilityReportArchive/d/NYSE_DRE_2015.pdf,DukeRealtyCorporation-2015.pdf
17,Duke Realty Corporation,REIT - Diversified,Financial,2016.0,https://www.responsibilityreports.com/HostedData/ResponsibilityReportArchive/d/NYSE_DRE_2016.pdf,DukeRealtyCorporation-2016.pdf
18,Duke Realty Corporation,REIT - Diversified,Financial,2017.0,https://www.responsibilityreports.com/HostedData/ResponsibilityReportArchive/d/NYSE_DRE_2017.pdf,DukeRealtyCorporation-2017.pdf
19,Duke Realty Corporation,REIT - Diversified,Financial,2018.0,https://www.responsibilityreports.com/HostedData/ResponsibilityReports/PDF/NYSE_DRE_2018.pdf,DukeRealtyCorporation-2018.pdf
20,Hammerson plc,REIT - Diversified,Financial,2008.0,https://www.responsibilityreports.com/HostedData/ResponsibilityReportArchive/h/LSE_HMSO_2008.pdf,Hammersonplc-2008.pdf
21,Hammerson plc,REIT - Diversified,Financial,2009.0,https://www.responsibilityreports.com/HostedData/ResponsibilityReportArchive/h/LSE_HMSO_2009.pdf,Hammersonplc-2009.pdf
22,Hammerson plc,REIT - Diversified,Financial,2010.0,https://www.responsibilityreports.com/HostedData/ResponsibilityReportArchive/h/LSE_HMSO_2010.pdf,Hammersonplc-2010.pdf
23,Hammerson plc,REIT - Diversified,Financial,2011.0,https://www.responsibilityreports.com/HostedData/ResponsibilityReportArchive/h/LSE_HMSO_2011.pdf,Hammersonplc-2011.pdf
24,Hammerson plc,REIT - Diversified,Financial,2013.0,https://www.responsibilityreports.com/HostedData/ResponsibilityReportArchive/h/LSE_HMSO_2013.pdf,Hammersonplc-2013.pdf
25,Hammerson plc,REIT - Diversified,Financial,2014.0,https://www.responsibilityreports.com/HostedData/ResponsibilityReportArchive/h/LSE_HMSO_2014.pdf,Hammersonplc-2014.pdf
26,Hammerson plc,REIT - Diversified,Financial,2015.0,https://www.responsibilityreports.com/HostedData/ResponsibilityReportArchive/h/LSE_HMSO_2015.pdf,Hammersonplc-2015.pdf
27,Hammerson plc,REIT - Diversified,Financial,2016.0,https://www.responsibilityreports.com/HostedData/ResponsibilityReportArchive/h/LSE_HMSO_2016.pdf,Hammersonplc-2016.pdf
28,Hammerson plc,REIT - Diversified,Financial,2017.0,https://www.responsibilityreports.com/HostedData/ResponsibilityReportArchive/h/LSE_HMSO_2017.pdf,Hammersonplc-2017.pdf
29,Hammerson plc,REIT - Diversified,Financial,2018.0,https://www.responsibilityreports.com/HostedData/ResponsibilityReportArchive/h/LSE_HMSO_2018.pdf,Hammersonplc-2018.pdf
30,Hammerson plc,REIT - Diversified,Financial,2019.0,https://www.responsibilityreports.com/HostedData/ResponsibilityReports/PDF/LSE_HMSO_2019.pdf,Hammersonplc-2019.pdf
31,"Hannon Armstrong Sustainable Infrastructure Capital, Inc.",REIT - Diversified,Financial,2018.0,https://www.responsibilityreports.com/HostedData/ResponsibilityReportArchive/h/NYSE_HASI_2018.pdf,"HannonArmstrongSustainableInfrastructureCapital,Inc.-2018.pdf"
32,"Hannon Armstrong Sustainable Infrastructure Capital, Inc.",REIT - Diversified,Financial,2019.0,https://www.responsibilityreports.com/HostedData/ResponsibilityReports/PDF/NYSE_HASI_2019.pdf,"HannonArmstrongSustainableInfrastructureCapital,Inc.-2019.pdf"
33,Land Securities Group plc,REIT - Diversified,Financial,2015.0,https://www.responsibilityreports.com/HostedData/ResponsibilityReportArchive/l/LSE_LAND_2015.pdf,LandSecuritiesGroupplc-2015.pdf
34,Land Securities Group plc,REIT - Diversified,Financial,2016.0,https://www.responsibilityreports.com/HostedData/ResponsibilityReportArchive/l/LSE_LAND_2016.pdf,LandSecuritiesGroupplc-2016.pdf
35,Land Securities Group plc,REIT - Diversified,Financial,2017.0,https://www.responsibilityreports.com/HostedData/ResponsibilityReportArchive/l/LSE_LAND_2017.pdf,LandSecuritiesGroupplc-2017.pdf
36,Land Securities Group plc,REIT - Diversified,Financial,2019.0,https://www.responsibilityreports.com/HostedData/ResponsibilityReportArchive/l/LSE_LAND_2019.pdf,LandSecuritiesGroupplc-2019.pdf
37,Land Securities Group plc,REIT - Diversified,Financial,2020.0,https://www.responsibilityreports.com/HostedData/ResponsibilityReports/PDF/LSE_LAND_2020.pdf,LandSecuritiesGroupplc-2020.pdf
38,Morguard Real Estate Investment Trust,REIT - Diversified,Services,2018.0,https://www.responsibilityreports.com/HostedData/ResponsibilityReports/PDF/TSX_MRT.UN_2018.pdf,MorguardRealEstateInvestmentTrust-2018.pdf
39,PennyMac Mortgage Investment Trust,REIT - Diversified,Financial,2019.0,https://www.responsibilityreports.com/HostedData/ResponsibilityReports/PDF/NYSE_PMT_2019.pdf,PennyMacMortgageInvestmentTrust-2019.pdf
40,Vornado Realty Trust,REIT - Diversified,Financial,2017.0,https://www.responsibilityreports.com/HostedData/ResponsibilityReportArchive/v/NYSE_VNO_2017.pdf,VornadoRealtyTrust-2017.pdf
41,Vornado Realty Trust,REIT - Diversified,Financial,2019.0,https://www.responsibilityreports.com/HostedData/ResponsibilityReports/PDF/NYSE_VNO_2019.pdf,VornadoRealtyTrust-2019.pdf
42,Healthcare Realty Trust Inc.,REIT - Healthcare Facilities,Financial,2019.0,https://www.responsibilityreports.com/HostedData/ResponsibilityReports/PDF/NYSE_HR_2019.pdf,HealthcareRealtyTrustInc.-2019.pdf
43,Healthcare Trust of America inc,REIT - Healthcare Facilities,Financial,2019.0,https://www.responsibilityreports.com/HostedData/ResponsibilityReports/PDF/NYSE_HTA_2019.pdf,HealthcareTrustofAmericainc-2019.pdf
44,Healthpeak Properties Inc.,REIT - Healthcare Facilities,Financial,2018.0,https://www.responsibilityreports.com/HostedData/ResponsibilityReportArchive/h/NYSE_PEAK_2018.pdf,HealthpeakPropertiesInc.-2018.pdf
45,Healthpeak Properties Inc.,REIT - Healthcare Facilities,Financial,2019.0,https://www.responsibilityreports.com/HostedData/ResponsibilityReports/PDF/NYSE_PEAK_2019.pdf,HealthpeakPropertiesInc.-2019.pdf
46,Ventas Inc.,REIT - Healthcare Facilities,Financial,2018.0,https://www.responsibilityreports.com/HostedData/ResponsibilityReportArchive/v/NYSE_VTR_2018.pdf,VentasInc.-2018.pdf
47,Ventas Inc.,REIT - Healthcare Facilities,Financial,2019.0,https://www.responsibilityreports.com/HostedData/ResponsibilityReports/PDF/NYSE_VTR_2019.pdf,VentasInc.-2019.pdf
48,Welltower Inc,REIT - Healthcare Facilities,Financial,2018.0,https://www.responsibilityreports.com/HostedData/ResponsibilityReports/PDF/NYSE_WELL_2018.pdf,WelltowerInc-2018.pdf
49,Host Hotels & Resorts Inc.,REIT - Hotel/Motel,Financial,2019.0,https://www.responsibilityreports.com/HostedData/ResponsibilityReports/PDF/NYSE_HST_2019.pdf,HostHotels&ResortsInc.-2019.pdf
50,Park Hotels & Resorts Inc.,REIT - Hotel/Motel,Financial,2018.0,https://www.responsibilityreports.com/HostedData/ResponsibilityReportArchive/p/NYSE_PK_2018.pdf,ParkHotels&ResortsInc.-2018.pdf
51,Park Hotels & Resorts Inc.,REIT - Hotel/Motel,Financial,2019.0,https://www.responsibilityreports.com/HostedData/ResponsibilityReports/PDF/NYSE_PK_2019.pdf,ParkHotels&ResortsInc.-2019.pdf
52,Ryman Hospitality Properties,REIT - Hotel/Motel,Financial,2019.0,https://www.responsibilityreports.com/HostedData/ResponsibilityReports/PDF/NYSE_RHP_2019.pdf,RymanHospitalityProperties-2019.pdf
53,Xenia Hotels & Resorts Inc,REIT - Hotel/Motel,Financial,2019.0,https://www.responsibilityreports.com/HostedData/ResponsibilityReports/PDF/NYSE_XHR_2019.pdf,XeniaHotels&ResortsInc-2019.pdf
54,"Alexandria Real Estate Equities, Inc.",REIT - Industrial,Financial,2018.0,https://www.responsibilityreports.com/HostedData/ResponsibilityReportArchive/a/NYSE_ARE_2018.pdf,"AlexandriaRealEstateEquities,Inc.-2018.pdf"
55,"Alexandria Real Estate Equities, Inc.",REIT - Industrial,Financial,2019.0,https://www.responsibilityreports.com/HostedData/ResponsibilityReports/PDF/NYSE_ARE_2019.pdf,"AlexandriaRealEstateEquities,Inc.-2019.pdf"
56,Big Yellow Group,REIT - Industrial,Financial,2007.0,https://www.responsibilityreports.com/HostedData/ResponsibilityReportArchive/b/LSE_BYG_2007.pdf,BigYellowGroup-2007.pdf
57,Big Yellow Group,REIT - Industrial,Financial,2008.0,https://www.responsibilityreports.com/HostedData/ResponsibilityReportArchive/b/LSE_BYG_2008.pdf,BigYellowGroup-2008.pdf
58,Big Yellow Group,REIT - Industrial,Financial,2009.0,https://www.responsibilityreports.com/HostedData/ResponsibilityReportArchive/b/LSE_BYG_2009.pdf,BigYellowGroup-2009.pdf
59,Big Yellow Group,REIT - Industrial,Financial,2010.0,https://www.responsibilityreports.com/HostedData/ResponsibilityReportArchive/b/LSE_BYG_2010.pdf,BigYellowGroup-2010.pdf
60,Big Yellow Group,REIT - Industrial,Financial,2011.0,https://www.responsibilityreports.com/HostedData/ResponsibilityReportArchive/b/LSE_BYG_2011.pdf,BigYellowGroup-2011.pdf
61,Big Yellow Group,REIT - Industrial,Financial,2012.0,https://www.responsibilityreports.com/HostedData/ResponsibilityReportArchive/b/LSE_BYG_2012.pdf,BigYellowGroup-2012.pdf
62,Big Yellow Group,REIT - Industrial,Financial,2013.0,https://www.responsibilityreports.com/HostedData/ResponsibilityReportArchive/b/LSE_BYG_2013.pdf,BigYellowGroup-2013.pdf
63,Big Yellow Group,REIT - Industrial,Financial,2014.0,https://www.responsibilityreports.com/HostedData/ResponsibilityReportArchive/b/LSE_BYG_2014.pdf,BigYellowGroup-2014.pdf
64,Big Yellow Group,REIT - Industrial,Financial,2015.0,https://www.responsibilityreports.com/HostedData/ResponsibilityReportArchive/b/LSE_BYG_2015.pdf,BigYellowGroup-2015.pdf
65,Big Yellow Group,REIT - Industrial,Financial,2016.0,https://www.responsibilityreports.com/HostedData/ResponsibilityReportArchive/b/LSE_BYG_2016.pdf,BigYellowGroup-2016.pdf
66,Big Yellow Group,REIT - Industrial,Financial,2017.0,https://www.responsibilityreports.com/HostedData/ResponsibilityReportArchive/b/LSE_BYG_2017.pdf,BigYellowGroup-2017.pdf
67,Big Yellow Group,REIT - Industrial,Financial,2018.0,https://www.responsibilityreports.com/HostedData/ResponsibilityReportArchive/b/LSE_BYG_2018.pdf,BigYellowGroup-2018.pdf
68,Big Yellow Group,REIT - Industrial,Financial,2019.0,https://www.responsibilityreports.com/HostedData/ResponsibilityReports/PDF/LSE_BYG_2019.pdf,BigYellowGroup-2019.pdf
69,Digital Realty Trust Inc.,REIT - Industrial,Financial,2018.0,https://www.responsibilityreports.com/HostedData/ResponsibilityReportArchive/d/NYSE_DLR_2018.pdf,DigitalRealtyTrustInc.-2018.pdf
70,Digital Realty Trust Inc.,REIT - Industrial,Financial,2019.0,https://www.responsibilityreports.com/HostedData/ResponsibilityReports/PDF/NYSE_DLR_2019.pdf,DigitalRealtyTrustInc.-2019.pdf
71,EastGroup Properties,REIT - Industrial,Financial,2019.0,https://www.responsibilityreports.com/HostedData/ResponsibilityReports/PDF/NYSE_EGP_2019.pdf,EastGroupProperties-2019.pdf
72,Extra Space Storage Inc.,REIT - Industrial,Financial,2019.0,https://www.responsibilityreports.com/HostedData/ResponsibilityReports/PDF/NYSE_EXR_2019.pdf,ExtraSpaceStorageInc.-2019.pdf
73,First Industrial Realty Trust Inc.,REIT - Industrial,Financial,2019.0,https://www.responsibilityreports.com/HostedData/ResponsibilityReports/PDF/NYSE_FR_2019.pdf,FirstIndustrialRealtyTrustInc.-2019.pdf
74,Prologis,REIT - Industrial,Financial,2006.0,https://www.responsibilityreports.com/HostedData/ResponsibilityReportArchive/p/NYSE_PLD_2006.pdf,Prologis-2006.pdf
75,Prologis,REIT - Industrial,Financial,2007.0,https://www.responsibilityreports.com/HostedData/ResponsibilityReportArchive/p/NYSE_PLD_2007.pdf,Prologis-2007.pdf
76,Prologis,REIT - Industrial,Financial,2008.0,https://www.responsibilityreports.com/HostedData/ResponsibilityReportArchive/p/NYSE_PLD_2008.pdf,Prologis-2008.pdf
77,Prologis,REIT - Industrial,Financial,2009.0,https://www.responsibilityreports.com/HostedData/ResponsibilityReportArchive/p/NYSE_PLD_2009.pdf,Prologis-2009.pdf
78,Prologis,REIT - Industrial,Financial,2010.0,https://www.responsibilityreports.com/HostedData/ResponsibilityReportArchive/p/NYSE_PLD_2010.pdf,Prologis-2010.pdf
79,Prologis,REIT - Industrial,Financial,2011.0,https://www.responsibilityreports.com/HostedData/ResponsibilityReportArchive/p/NYSE_PLD_2011.pdf,Prologis-2011.pdf
80,Prologis,REIT - Industrial,Financial,2012.0,https://www.responsibilityreports.com/HostedData/ResponsibilityReportArchive/p/NYSE_PLD_2012.pdf,Prologis-2012.pdf
81,Prologis,REIT - Industrial,Financial,2013.0,https://www.responsibilityreports.com/HostedData/ResponsibilityReportArchive/p/NYSE_PLD_2013.pdf,Prologis-2013.pdf
82,Prologis,REIT - Industrial,Financial,2014.0,https://www.responsibilityreports.com/HostedData/ResponsibilityReportArchive/p/NYSE_PLD_2014.pdf,Prologis-2014.pdf
83,Prologis,REIT - Industrial,Financial,2015.0,https://www.responsibilityreports.com/HostedData/ResponsibilityReportArchive/p/NYSE_PLD_2015.pdf,Prologis-2015.pdf
84,Prologis,REIT - Industrial,Financial,2016.0,https://www.responsibilityreports.com/HostedData/ResponsibilityReportArchive/p/NYSE_PLD_2016.pdf,Prologis-2016.pdf
85,Prologis,REIT - Industrial,Financial,2017.0,https://www.responsibilityreports.com/HostedData/ResponsibilityReportArchive/p/NYSE_PLD_2017.pdf,Prologis-2017.pdf
86,Prologis,REIT - Industrial,Financial,2018.0,https://www.responsibilityreports.com/HostedData/ResponsibilityReports/PDF/NYSE_PLD_2018.pdf,Prologis-2018.pdf
87,QTS Realty Trust Inc,REIT - Industrial,Financial,2018.0,https://www.responsibilityreports.com/HostedData/ResponsibilityReports/PDF/NYSE_QTS_2018.pdf,QTSRealtyTrustInc-2018.pdf
88,Columbia Property Trust Inc,REIT - Office,Financial,2019.0,https://www.responsibilityreports.com/HostedData/ResponsibilityReports/PDF/NYSE_CXP_2019.pdf,ColumbiaPropertyTrustInc-2019.pdf
89,CoreSite Realty Corp,REIT - Office,Financial,2017.0,https://www.responsibilityreports.com/HostedData/ResponsibilityReportArchive/c/NYSE_COR_2017.pdf,CoreSiteRealtyCorp-2017.pdf
90,CoreSite Realty Corp,REIT - Office,Financial,2018.0,https://www.responsibilityreports.com/HostedData/ResponsibilityReportArchive/c/NYSE_COR_2018.pdf,CoreSiteRealtyCorp-2018.pdf
91,CoreSite Realty Corp,REIT - Office,Financial,2019.0,https://www.responsibilityreports.com/HostedData/ResponsibilityReports/PDF/NYSE_COR_2019.pdf,CoreSiteRealtyCorp-2019.pdf
92,Franklin Street Properties Corp.,REIT - Office,Financial,2018.0,https://www.responsibilityreports.com/HostedData/ResponsibilityReports/PDF/NYSE_FSP_2018.pdf,FranklinStreetPropertiesCorp.-2018.pdf
93,Highwoods Properties Inc,REIT - Office,Financial,2019.0,https://www.responsibilityreports.com/HostedData/ResponsibilityReports/PDF/NYSE_HIW_2019.pdf,HighwoodsPropertiesInc-2019.pdf
94,Kilroy Realty Corporation,REIT - Office,Financial,2011.0,https://www.responsibilityreports.com/HostedData/ResponsibilityReportArchive/k/NYSE_KRC_2011.pdf,KilroyRealtyCorporation-2011.pdf
95,Kilroy Realty Corporation,REIT - Office,Financial,2012.0,https://www.responsibilityreports.com/HostedData/ResponsibilityReportArchive/k/NYSE_KRC_2012.pdf,KilroyRealtyCorporation-2012.pdf
96,Kilroy Realty Corporation,REIT - Office,Financial,2013.0,https://www.responsibilityreports.com/HostedData/ResponsibilityReportArchive/k/NYSE_KRC_2013.pdf,KilroyRealtyCorporation-2013.pdf
97,Kilroy Realty Corporation,REIT - Office,Financial,2014.0,https://www.responsibilityreports.com/HostedData/ResponsibilityReportArchive/k/NYSE_KRC_2014.pdf,KilroyRealtyCorporation-2014.pdf
98,Kilroy Realty Corporation,REIT - Office,Financial,2015.0,https://www.responsibilityreports.com/HostedData/ResponsibilityReportArchive/k/NYSE_KRC_2015.pdf,KilroyRealtyCorporation-2015.pdf
99,Kilroy Realty Corporation,REIT - Office,Financial,2016.0,https://www.responsibilityreports.com/HostedData/ResponsibilityReportArchive/k/NYSE_KRC_2016.pdf,KilroyRealtyCorporation-2016.pdf
100,Kilroy Realty Corporation,REIT - Office,Financial,2017.0,https://www.responsibilityreports.com/HostedData/ResponsibilityReportArchive/k/NYSE_KRC_2017.pdf,KilroyRealtyCorporation-2017.pdf
101,Kilroy Realty Corporation,REIT - Office,Financial,2018.0,https://www.responsibilityreports.com/HostedData/ResponsibilityReportArchive/k/NYSE_KRC_2018.pdf,KilroyRealtyCorporation-2018.pdf
102,Kilroy Realty Corporation,REIT - Office,Financial,2019.0,https://www.responsibilityreports.com/HostedData/ResponsibilityReports/PDF/NYSE_KRC_2019.pdf,KilroyRealtyCorporation-2019.pdf
103,Mack-Cali Realty Corporation,REIT - Office,Financial,2019.0,https://www.responsibilityreports.com/HostedData/ResponsibilityReports/PDF/NYSE_CLI_2019.pdf,Mack-CaliRealtyCorporation-2019.pdf
104,Mirvac Group,REIT - Office,Financial,2006.0,https://www.responsibilityreports.com/HostedData/ResponsibilityReportArchive/M/ASX_MGR_2006.pdf,MirvacGroup-2006.pdf
105,Mirvac Group,REIT - Office,Financial,2014.0,https://www.responsibilityreports.com/HostedData/ResponsibilityReportArchive/M/ASX_MGR_2014.pdf,MirvacGroup-2014.pdf
106,Mirvac Group,REIT - Office,Financial,2018.0,https://www.responsibilityreports.com/HostedData/ResponsibilityReportArchive/M/ASX_MGR_2018.pdf,MirvacGroup-2018.pdf
107,Paramount Group Inc,REIT - Office,Financial,2018.0,https://www.responsibilityreports.com/HostedData/ResponsibilityReports/PDF/NYSE_PGRE_2018.pdf,ParamountGroupInc-2018.pdf
108,Piedmont Office Realty Trust,REIT - Office,Financial,2018.0,https://www.responsibilityreports.com/HostedData/ResponsibilityReports/PDF/NYSE_PDM_2018.pdf,PiedmontOfficeRealtyTrust-2018.pdf
109,Rexford Industrial Real Estate,REIT - Office,Financial,2019.0,https://www.responsibilityreports.com/HostedData/ResponsibilityReports/PDF/NYSE_REXR_2019.pdf,RexfordIndustrialRealEstate-2019.pdf
110,SL Green Realty,REIT - Office,Financial,2013.0,https://www.responsibilityreports.com/HostedData/ResponsibilityReportArchive/s/NYSE_SLG_2013.pdf,SLGreenRealty-2013.pdf
111,SL Green Realty,REIT - Office,Financial,2014.0,https://www.responsibilityreports.com/HostedData/ResponsibilityReportArchive/s/NYSE_SLG_2014.pdf,SLGreenRealty-2014.pdf
112,SL Green Realty,REIT - Office,Financial,2015.0,https://www.responsibilityreports.com/HostedData/ResponsibilityReportArchive/s/NYSE_SLG_2015.pdf,SLGreenRealty-2015.pdf
113,SL Green Realty,REIT - Office,Financial,2016.0,https://www.responsibilityreports.com/HostedData/ResponsibilityReportArchive/s/NYSE_SLG_2016.pdf,SLGreenRealty-2016.pdf
114,SL Green Realty,REIT - Office,Financial,2017.0,https://www.responsibilityreports.com/HostedData/ResponsibilityReportArchive/s/NYSE_SLG_2017.pdf,SLGreenRealty-2017.pdf
115,SL Green Realty,REIT - Office,Financial,2018.0,https://www.responsibilityreports.com/HostedData/ResponsibilityReportArchive/s/NYSE_SLG_2018.pdf,SLGreenRealty-2018.pdf
116,SL Green Realty,REIT - Office,Financial,2019.0,https://www.responsibilityreports.com/HostedData/ResponsibilityReports/PDF/NYSE_SLG_2019.pdf,SLGreenRealty-2019.pdf
117,Apartment Investment and Management Company,REIT - Residential,Financial,2019.0,https://www.responsibilityreports.com/HostedData/ResponsibilityReportArchive/a/NYSE_AIV_2018.pdf,ApartmentInvestmentandManagementCompany-2019.pdf
118,Apartment Investment and Management Company,REIT - Residential,Financial,2019.0,https://www.responsibilityreports.com/HostedData/ResponsibilityReports/PDF/NYSE_AIV_2019.pdf,ApartmentInvestmentandManagementCompany-2019.pdf
119,AvalonBay Communities Inc.,REIT - Residential,Financial,2011.0,https://www.responsibilityreports.com/HostedData/ResponsibilityReportArchive/a/NYSE_AVB_2011.pdf,AvalonBayCommunitiesInc.-2011.pdf
120,AvalonBay Communities Inc.,REIT - Residential,Financial,2012.0,https://www.responsibilityreports.com/HostedData/ResponsibilityReportArchive/a/NYSE_AVB_2012.pdf,AvalonBayCommunitiesInc.-2012.pdf
121,AvalonBay Communities Inc.,REIT - Residential,Financial,2013.0,https://www.responsibilityreports.com/HostedData/ResponsibilityReportArchive/a/NYSE_AVB_2013.pdf,AvalonBayCommunitiesInc.-2013.pdf
122,AvalonBay Communities Inc.,REIT - Residential,Financial,2014.0,https://www.responsibilityreports.com/HostedData/ResponsibilityReportArchive/a/NYSE_AVB_2014.pdf,AvalonBayCommunitiesInc.-2014.pdf
123,AvalonBay Communities Inc.,REIT - Residential,Financial,2015.0,https://www.responsibilityreports.com/HostedData/ResponsibilityReportArchive/a/NYSE_AVB_2015.pdf,AvalonBayCommunitiesInc.-2015.pdf
124,AvalonBay Communities Inc.,REIT - Residential,Financial,2016.0,https://www.responsibilityreports.com/HostedData/ResponsibilityReportArchive/a/NYSE_AVB_2016.pdf,AvalonBayCommunitiesInc.-2016.pdf
125,AvalonBay Communities Inc.,REIT - Residential,Financial,2017.0,https://www.responsibilityreports.com/HostedData/ResponsibilityReportArchive/a/NYSE_AVB_2017.pdf,AvalonBayCommunitiesInc.-2017.pdf
126,AvalonBay Communities Inc.,REIT - Residential,Financial,2018.0,https://www.responsibilityreports.com/HostedData/ResponsibilityReportArchive/a/NYSE_AVB_2018.pdf,AvalonBayCommunitiesInc.-2018.pdf
127,AvalonBay Communities Inc.,REIT - Residential,Financial,2019.0,https://www.responsibilityreports.com/HostedData/ResponsibilityReports/PDF/NYSE_AVB_2019.pdf,AvalonBayCommunitiesInc.-2019.pdf
128,Camden Property Trust,REIT - Residential,Financial,2018.0,https://www.responsibilityreports.com/HostedData/ResponsibilityReports/PDF/NYSE_CPT_2018.pdf,CamdenPropertyTrust-2018.pdf
129,Equity Residential,REIT - Residential,Financial,2015.0,https://www.responsibilityreports.com/HostedData/ResponsibilityReportArchive/e/NYSE_EQR_2015.pdf,EquityResidential-2015.pdf
130,Equity Residential,REIT - Residential,Financial,2016.0,https://www.responsibilityreports.com/HostedData/ResponsibilityReportArchive/e/NYSE_EQR_2016.pdf,EquityResidential-2016.pdf
131,Equity Residential,REIT - Residential,Financial,2017.0,https://www.responsibilityreports.com/HostedData/ResponsibilityReportArchive/e/NYSE_EQR_2017.pdf,EquityResidential-2017.pdf
132,Equity Residential,REIT - Residential,Financial,2018.0,https://www.responsibilityreports.com/HostedData/ResponsibilityReportArchive/e/NYSE_EQR_2018.pdf,EquityResidential-2018.pdf
133,Equity Residential,REIT - Residential,Financial,2019.0,https://www.responsibilityreports.com/HostedData/ResponsibilityReports/PDF/NYSE_EQR_2019.pdf,EquityResidential-2019.pdf
134,SmartCentres Real Estate Investment Trust,REIT - Residential,Financial,2019.0,https://www.responsibilityreports.com/HostedData/ResponsibilityReports/PDF/TSX_SRU.UN_2019.pdf,SmartCentresRealEstateInvestmentTrust-2019.pdf
135,"UDR, Inc.",REIT - Residential,Financial,2018.0,https://www.responsibilityreports.com/HostedData/ResponsibilityReports/PDF/NYSE_UDR_2018.pdf,"UDR,Inc.-2018.pdf"
136,Acadia Realty Trust,REIT - Retail,Financial,2019.0,https://www.responsibilityreports.com/HostedData/ResponsibilityReports/PDF/NYSE_AKR_2019.pdf,AcadiaRealtyTrust-2019.pdf
137,Brixmor Property Group Inc,REIT - Retail,Financial,2018.0,https://www.responsibilityreports.com/HostedData/ResponsibilityReportArchive/b/NYSE_BRX_2018.pdf,BrixmorPropertyGroupInc-2018.pdf
138,Brixmor Property Group Inc,REIT - Retail,Financial,2019.0,https://www.responsibilityreports.com/HostedData/ResponsibilityReports/PDF/NYSE_BRX_2019.pdf,BrixmorPropertyGroupInc-2019.pdf
139,Federal Realty Investment Trust,REIT - Retail,Financial,2018.0,https://www.responsibilityreports.com/HostedData/ResponsibilityReports/PDF/NYSE_FRT_2018.pdf,FederalRealtyInvestmentTrust-2018.pdf
140,Kimco Realty Corporation,REIT - Retail,Financial,2013.0,https://www.responsibilityreports.com/HostedData/ResponsibilityReportArchive/k/NYSE_KIM_2013.pdf,KimcoRealtyCorporation-2013.pdf
141,Kimco Realty Corporation,REIT - Retail,Financial,2014.0,https://www.responsibilityreports.com/HostedData/ResponsibilityReportArchive/k/NYSE_KIM_2014.pdf,KimcoRealtyCorporation-2014.pdf
142,Kimco Realty Corporation,REIT - Retail,Financial,2015.0,https://www.responsibilityreports.com/HostedData/ResponsibilityReportArchive/k/NYSE_KIM_2015.pdf,KimcoRealtyCorporation-2015.pdf
143,Kimco Realty Corporation,REIT - Retail,Financial,2016.0,https://www.responsibilityreports.com/HostedData/ResponsibilityReportArchive/k/NYSE_KIM_2016.pdf,KimcoRealtyCorporation-2016.pdf
144,Kimco Realty Corporation,REIT - Retail,Financial,2017.0,https://www.responsibilityreports.com/HostedData/ResponsibilityReportArchive/k/NYSE_KIM_2017.pdf,KimcoRealtyCorporation-2017.pdf
145,Kimco Realty Corporation,REIT - Retail,Financial,2018.0,https://www.responsibilityreports.com/HostedData/ResponsibilityReports/PDF/NYSE_KIM_2018.pdf,KimcoRealtyCorporation-2018.pdf
146,Macerich Company,REIT - Retail,Financial,2018.0,https://www.responsibilityreports.com/HostedData/ResponsibilityReports/PDF/NYSE_MAC_2018.pdf,MacerichCompany-2018.pdf
147,Realty Income Corp.,REIT - Retail,Financial,2018.0,https://www.responsibilityreports.com/HostedData/ResponsibilityReportArchive/r/NYSE_O_2018.pdf,RealtyIncomeCorp.-2018.pdf
148,Regency Centers Corporation,REIT - Retail,Financial,2017.0,https://www.responsibilityreports.com/HostedData/ResponsibilityReportArchive/r/NYSE_REG_2017.pdf,RegencyCentersCorporation-2017.pdf
149,Regency Centers Corporation,REIT - Retail,Financial,2018.0,https://www.responsibilityreports.com/HostedData/ResponsibilityReports/PDF/NYSE_REG_2018.pdf,RegencyCentersCorporation-2018.pdf
150,RioCan REIT,REIT - Retail,Financial,2018.0,https://www.responsibilityreports.com/HostedData/ResponsibilityReports/PDF/TSX_REI_2018.pdf,RioCanREIT-2018.pdf
151,Simon Property Group Inc.,REIT - Retail,Financial,2014.0,https://www.responsibilityreports.com/HostedData/ResponsibilityReportArchive/s/NYSE_SPG_2014.pdf,SimonPropertyGroupInc.-2014.pdf
152,Simon Property Group Inc.,REIT - Retail,Financial,2015.0,https://www.responsibilityreports.com/HostedData/ResponsibilityReportArchive/s/NYSE_SPG_2015.pdf,SimonPropertyGroupInc.-2015.pdf
153,Simon Property Group Inc.,REIT - Retail,Financial,2016.0,https://www.responsibilityreports.com/HostedData/ResponsibilityReportArchive/s/NYSE_SPG_2016.pdf,SimonPropertyGroupInc.-2016.pdf
154,Simon Property Group Inc.,REIT - Retail,Financial,2017.0,https://www.responsibilityreports.com/HostedData/ResponsibilityReportArchive/s/NYSE_SPG_2017.pdf,SimonPropertyGroupInc.-2017.pdf
155,Simon Property Group Inc.,REIT - Retail,Financial,2018.0,https://www.responsibilityreports.com/HostedData/ResponsibilityReportArchive/s/NYSE_SPG_2018.pdf,SimonPropertyGroupInc.-2018.pdf
156,Simon Property Group Inc.,REIT - Retail,Financial,2019.0,https://www.responsibilityreports.com/HostedData/ResponsibilityReports/PDF/NYSE_SPG_2019.pdf,SimonPropertyGroupInc.-2019.pdf
157,Tanger Factory Outlet Centers,REIT - Retail,Financial,2016.0,https://www.responsibilityreports.com/HostedData/ResponsibilityReportArchive/t/NYSE_SKT_2016.pdf,TangerFactoryOutletCenters-2016.pdf
158,Tanger Factory Outlet Centers,REIT - Retail,Financial,2017.0,https://www.responsibilityreports.com/HostedData/ResponsibilityReportArchive/t/NYSE_SKT_2017.pdf,TangerFactoryOutletCenters-2017.pdf
159,Tanger Factory Outlet Centers,REIT - Retail,Financial,2018.0,https://www.responsibilityreports.com/HostedData/ResponsibilityReports/PDF/NYSE_SKT_2018.pdf,TangerFactoryOutletCenters-2018.pdf
160,Taubman Centers Inc.,REIT - Retail,Financial,2015.0,https://www.responsibilityreports.com/HostedData/ResponsibilityReportArchive/t/NYSE_TCO_2015.pdf,TaubmanCentersInc.-2015.pdf
161,Taubman Centers Inc.,REIT - Retail,Financial,2016.0,https://www.responsibilityreports.com/HostedData/ResponsibilityReportArchive/t/NYSE_TCO_2016.pdf,TaubmanCentersInc.-2016.pdf
162,Washington Real Estate Investment Trust,REIT - Retail,Financial,2019.0,https://www.responsibilityreports.com/HostedData/ResponsibilityReportArchive/w/NYSE_WRE_2016.pdf,WashingtonRealEstateInvestmentTrust-2019.pdf
163,Washington Real Estate Investment Trust,REIT - Retail,Financial,2019.0,https://www.responsibilityreports.com/HostedData/ResponsibilityReports/PDF/NYSE_WRE_2019.pdf,WashingtonRealEstateInvestmentTrust-2019.pdf
164,Weingarten Realty Investors,REIT - Retail,Financial,2017.0,https://www.responsibilityreports.com/HostedData/ResponsibilityReportArchive/w/NYSE_WRI_2017.pdf,WeingartenRealtyInvestors-2017.pdf
165,Weingarten Realty Investors,REIT - Retail,Financial,2018.0,https://www.responsibilityreports.com/HostedData/ResponsibilityReports/PDF/NYSE_WRI_2018.pdf,WeingartenRealtyInvestors-2018.pdf
166,W. P. Carey Inc.,REIT - Retail,Financial,2019.0,https://www.responsibilityreports.com/HostedData/ResponsibilityReports/PDF/NYSE_WPC_2019.pdf,W.P.CareyInc.-2019.pdf
